Time (UTC),Machines > Bridgeport Mill 2 > Spindle > X-Axial > Damage Accumulation,Machines > Bridgeport Mill 2 > Spindle > Y-Radial > Damage Accumulation
2/29/2020 5:03,0.959162588,0.971140739
2/29/2020 5:13,1.030772345,0.939070181
2/29/2020 5:23,1.04093319,0.972693326
2/29/2020 5:33,0.945993445,1.007342916
2/29/2020 5:43,0.985397861,0.945400327
2/29/2020 5:53,0.959968638,0.987222368
2/29/2020 6:03,1.0431427,0.995647768
2/29/2020 6:13,0.896274178,0.963561496
2/29/2020 6:23,1.021039671,1.018720991
2/29/2020 6:33,0.954157956,0.959013227
2/29/2020 6:43,0.981365355,0.994191904
2/29/2020 6:53,1.005558132,0.977353559
2/29/2020 7:03,1.105313837,1.021531531
2/29/2020 7:23,0.978339886,0.998715277
2/29/2020 7:33,1.259440476,1.053238897
2/29/2020 7:43,0.955842405,1.000157991
2/29/2020 7:53,1.006499477,0.983453859
2/29/2020 8:03,0.954829655,1.031518651
2/29/2020 8:13,1.06289293,0.964372621
2/29/2020 8:33,1.041823075,0.974905486
2/29/2020 8:43,0.954113875,0.976002088
2/29/2020 8:53,1.148023626,1.050078186
2/29/2020 9:03,0.944017456,1.02870604
2/29/2020 9:13,1.098493485,1.04997832
2/29/2020 9:23,0.914828114,1.008500259
2/29/2020 9:33,0.93661295,1.06551084
2/29/2020 9:43,0.93592302,1.027649445
2/29/2020 9:53,0.981144323,0.97189629
2/29/2020 10:03,0.976046293,1.013072844
2/29/2020 10:13,0.966276273,0.991652439
2/29/2020 10:23,1.053222167,0.986963464
2/29/2020 10:33,1.018473401,1.053917271
2/29/2020 10:53,0.920718997,0.923890059
2/29/2020 11:03,0.92474421,1.024167427
2/29/2020 11:13,0.910914714,1.084016909
2/29/2020 11:23,0.943144764,0.991679281
2/29/2020 11:33,1.078795796,0.973598699
2/29/2020 11:43,0.987832595,0.998172825
2/29/2020 11:53,1.014258753,1.007966735
2/29/2020 12:03,0.974873973,0.959873567
2/29/2020 12:13,1.002043935,0.945137729
2/29/2020 12:23,0.923930162,1.093529412
2/29/2020 12:33,0.948443513,0.949135768
2/29/2020 12:43,1.226789183,1.000150949
2/29/2020 12:53,0.994880878,1.026846779
2/29/2020 13:03,0.905626796,0.972968876
2/29/2020 13:13,0.98832881,0.940284214
2/29/2020 13:23,1.037542025,1.05450196
2/29/2020 13:33,0.959286069,0.984447798
2/29/2020 13:43,0.951000565,0.941327901
2/29/2020 13:53,0.941961291,0.998683111
2/29/2020 14:03,1.096248456,1.01631269
2/29/2020 14:13,0.9520914,1.007983431
2/29/2020 14:23,0.996711479,0.937708128
2/29/2020 14:33,1.172064687,1.088987458
2/29/2020 14:43,1.053955886,0.903786148
2/29/2020 14:53,0.947998895,0.994344562
2/29/2020 15:03,1.028881403,0.920851934
2/29/2020 15:13,0.974682245,1.05459592
2/29/2020 15:23,0.970008977,0.910618645
2/29/2020 15:33,0.930947949,0.933192362
2/29/2020 15:43,0.987963344,0.917200742
2/29/2020 15:53,0.928888742,1.007836452
2/29/2020 16:03,0.949222285,0.884807865
2/29/2020 16:13,0.97662526,0.908536069
2/29/2020 16:23,0.934960828,0.949956607
2/29/2020 16:33,0.950976533,1.070192773
2/29/2020 16:43,0.999202932,0.916864273
2/29/2020 16:53,0.972311601,0.928404214
2/29/2020 17:03,0.970017352,0.90094253
2/29/2020 17:13,0.916169102,0.916820107
2/29/2020 17:23,0.986339341,0.913578634
2/29/2020 17:33,0.917606363,0.83712808
2/29/2020 17:43,0.990861493,0.983189855
2/29/2020 17:53,0.952646813,1.125189463
2/29/2020 18:03,1.025126682,1.05275857
2/29/2020 18:13,0.993210901,1.034576033
2/29/2020 18:23,0.939293802,0.964253465
2/29/2020 18:33,0.937427291,0.993223464
2/29/2020 18:43,0.996651419,0.95573509
2/29/2020 18:53,0.958832227,1.013506974
2/29/2020 19:04,0.974537299,0.961898649
2/29/2020 19:13,1.002866199,0.968414552
2/29/2020 19:23,1.004966017,0.938600399
2/29/2020 19:33,1.084390246,1.007727787
2/29/2020 19:43,0.98539446,0.934884262
2/29/2020 19:53,1.006822994,0.928759229
2/29/2020 20:03,0.923801354,0.923963484
2/29/2020 20:13,0.970840914,1.114413434
2/29/2020 20:23,0.979608857,0.9170943
2/29/2020 20:33,0.953278945,0.957786277
2/29/2020 20:43,0.969529986,0.929502408
2/29/2020 20:53,0.92738192,0.995230361
2/29/2020 21:03,1.017731156,1.021905771
2/29/2020 21:13,0.954643573,1.043821837
2/29/2020 21:23,0.981414669,0.94981668
2/29/2020 21:33,0.99343965,0.978363068
2/29/2020 21:43,1.010893421,0.999559064
2/29/2020 21:53,1.110072573,1.089174468
2/29/2020 22:03,1.145356782,1.074211303
2/29/2020 22:13,0.920344224,1.007218043
2/29/2020 22:23,1.009162032,1.026879072
2/29/2020 22:33,0.921856261,1.082378668
2/29/2020 22:43,0.96379138,1.045201175
2/29/2020 22:53,1.091764061,1.036259033
2/29/2020 23:03,1.023581962,1.121868346
2/29/2020 23:13,0.89510702,1.002803673
2/29/2020 23:23,0.981221528,0.904577899
2/29/2020 23:33,1.083479015,0.951161771
2/29/2020 23:44,0.956469153,1.044017818
2/29/2020 23:53,1.024701288,0.951337651
3/1/2020 0:03,1.068180367,1.018073695
3/1/2020 0:13,0.972567038,1.016715663
3/1/2020 0:23,1.028154493,0.975043539
3/1/2020 0:33,1.015109337,0.989972659
3/1/2020 0:43,0.977787249,0.990931075
3/1/2020 0:53,1.055170069,0.947735759
3/1/2020 1:03,0.918353655,1.000159545
3/1/2020 1:13,0.982146589,1.071165499
3/1/2020 1:23,1.004785969,0.993963375
3/1/2020 1:33,1.074532202,0.930716828
3/1/2020 1:43,0.923154681,1.013195747
3/1/2020 1:53,0.925437447,0.897245226
3/1/2020 2:03,0.932622162,0.943008586
3/1/2020 2:13,1.019405417,1.042457863
3/1/2020 2:23,0.978100652,1.023354086
3/1/2020 2:33,1.021798434,1.014104469
3/1/2020 2:43,1.007622764,1.071250271
3/1/2020 2:53,1.08913786,0.999021339
3/1/2020 3:03,1.024404182,0.92100812
3/1/2020 3:13,1.128362388,1.010863082
3/1/2020 3:23,1.05751107,0.985539872
3/1/2020 3:33,0.980773653,0.949389962
3/1/2020 3:43,0.990508915,1.028078071
3/1/2020 3:53,1.077172571,0.945358382
3/1/2020 4:03,0.933292287,1.063517761
3/1/2020 4:13,1.011310173,0.90213759
3/1/2020 4:23,0.988419075,1.076541837
3/1/2020 4:33,0.992329145,1.054717162
3/1/2020 4:43,0.971416423,0.963522562
3/1/2020 4:53,0.969862831,0.992594377
3/1/2020 5:03,0.944838007,1.035842412
3/1/2020 5:13,0.939062819,1.040877467
3/1/2020 5:23,0.973917074,1.034799626
3/1/2020 5:34,1.054999854,0.952847371
3/1/2020 5:43,0.996663632,1.02409079
3/1/2020 5:53,0.994883639,1.051331965
3/1/2020 6:03,1.054446831,0.991572267
3/1/2020 6:13,0.993970336,1.050177657
3/1/2020 6:23,0.940772854,0.975680235
3/1/2020 6:33,0.997963316,1.009783595
3/1/2020 6:44,1.071505394,0.891246953
3/1/2020 6:53,0.942905591,1.01769342
3/1/2020 7:03,1.005466989,0.95774826
3/1/2020 7:13,0.919750766,0.972718641
3/1/2020 7:23,1.062212082,1.033341706
3/1/2020 7:33,0.972256536,1.068016155
3/1/2020 7:43,0.954196186,1.051415425
3/1/2020 7:54,0.967091177,0.994473621
3/1/2020 8:03,1.067350334,1.045580667
3/1/2020 8:13,1.059533726,1.072571809
3/1/2020 8:23,1.045913648,0.979808986
3/1/2020 8:33,0.998369417,0.983714227
3/1/2020 8:43,0.977746186,0.97242499
3/1/2020 8:53,0.974834639,1.043221219
3/1/2020 9:03,1.031924718,1.053977077
3/1/2020 9:13,1.043807084,1.019450795
3/1/2020 9:23,1.022565781,0.927428373
3/1/2020 9:33,1.073843212,0.923136356
3/1/2020 9:43,1.005755563,1.03000181
3/1/2020 9:53,0.87385188,1.012024301
3/1/2020 10:03,0.99057411,0.941357007
3/1/2020 10:13,0.981904842,1.076923092
3/1/2020 10:23,1.060151031,0.952599018
3/1/2020 10:33,1.06052086,0.979271838
3/1/2020 10:43,1.006702149,1.013554568
3/1/2020 10:53,0.988076755,1.099934457
3/1/2020 11:03,0.979247027,1.015990082
3/1/2020 11:13,0.970213038,1.00994912
3/1/2020 11:23,1.032937409,1.014362512
3/1/2020 11:33,0.952857691,0.933089177
3/1/2020 11:43,0.944865822,0.976840009
3/1/2020 11:53,1.037735461,1.040063917
3/1/2020 12:03,0.946381327,0.926014483
3/1/2020 12:13,1.051191187,0.926273886
3/1/2020 12:23,1.0248696,0.974581826
3/1/2020 12:33,0.95459859,1.066893863
3/1/2020 12:44,0.953358551,1.031111378
3/1/2020 12:53,0.995830784,1.007049764
3/1/2020 13:03,1.025620957,0.929257891
3/1/2020 13:13,0.953673828,0.943935371
3/1/2020 13:23,0.890489901,0.952325058
3/1/2020 13:33,0.988244167,0.975705341
3/1/2020 13:43,0.956017669,0.980834183
3/1/2020 13:54,1.130912253,0.966848372
3/1/2020 14:03,0.932989348,1.083507264
3/1/2020 14:13,1.026872271,0.988078974
3/1/2020 14:23,0.914777345,1.050343814
3/1/2020 14:33,1.112553099,1.022600359
3/1/2020 14:43,0.938756165,1.034479959
3/1/2020 14:53,0.994259689,1.103859263
3/1/2020 15:03,1.042925856,1.037296474
3/1/2020 15:13,0.962455963,1.031292459
3/1/2020 15:23,0.999312255,0.978820068
3/1/2020 15:33,0.992813557,0.971768801
3/1/2020 15:43,0.948548796,0.939731577
3/1/2020 15:53,0.984417062,0.995501752
3/1/2020 16:03,0.94439626,1.027498247
3/1/2020 16:14,0.974359762,0.926048581
3/1/2020 16:23,0.960391033,0.996106786
3/1/2020 16:33,0.982989194,0.975043135
3/1/2020 16:43,0.922783266,1.099485979
3/1/2020 16:53,0.984193953,1.073685563
3/1/2020 17:03,1.051615184,1.03897422
3/1/2020 17:13,1.141164976,1.032418306
3/1/2020 17:24,1.138900157,1.069761814
3/1/2020 17:33,0.977315624,0.890669
3/1/2020 17:43,1.008873908,0.931544133
3/1/2020 17:53,0.900971139,0.997190571
3/1/2020 18:03,0.968301586,0.960947159
3/1/2020 18:13,0.992794238,0.99410129
3/1/2020 18:23,1.006803549,1.024351427
3/1/2020 18:33,0.986112785,1.024821378
3/1/2020 18:43,1.12078104,0.987191467
3/1/2020 18:53,1.022975467,1.002859821
3/1/2020 19:03,1.11728794,0.958050839
3/1/2020 19:13,1.100603194,0.891197937
3/1/2020 19:23,0.994148659,0.92465115
3/1/2020 19:33,0.976711034,1.00313413
3/1/2020 19:44,0.962882135,1.097331554
3/1/2020 19:53,1.059645121,1.089285518
3/1/2020 20:03,0.910323832,1.006196975
3/1/2020 20:13,1.064248125,1.003663283
3/1/2020 20:23,0.947222077,1.155176116
3/1/2020 20:33,1.07378243,1.031975427
3/1/2020 20:43,0.996141285,1.014763774
3/1/2020 20:53,1.017771962,1.046316769
3/1/2020 21:03,1.122909483,0.953253503
3/1/2020 21:13,0.968699475,0.930345752
3/1/2020 21:23,0.987728496,0.969905351
3/1/2020 21:33,1.042650037,1.017489638
3/1/2020 21:43,0.923005751,1.000504406
3/1/2020 21:53,1.041168754,1.027382558
3/1/2020 22:03,1.023929197,0.989244581
3/1/2020 22:13,0.975957499,0.943988529
3/1/2020 22:23,0.91577439,0.991636988
3/1/2020 22:33,0.986472797,0.998668307
3/1/2020 22:43,1.038150148,0.971644053
3/1/2020 22:53,1.052125143,0.946036825
3/1/2020 23:03,0.996855187,0.956953468
3/1/2020 23:13,0.959913486,0.972761003
3/1/2020 23:24,0.990790294,1.05211551
3/1/2020 23:33,0.963737124,1.087077227
3/1/2020 23:43,1.006787145,0.970444371
3/1/2020 23:53,1.037701653,0.981885674
3/2/2020 0:03,1.002106431,1.028790119
3/2/2020 0:13,1.016784289,1.003652613
3/2/2020 0:24,1.067063957,1.001128534
3/2/2020 0:33,1.063872876,1.017003122
3/2/2020 0:43,1.009920976,0.967724889
3/2/2020 0:53,1.025471129,1.002898628
3/2/2020 1:03,0.97236087,0.945741276
3/2/2020 1:13,0.986841612,0.94291354
3/2/2020 1:23,1.096778914,1.022542361
3/2/2020 1:34,0.987755957,0.998183649
3/2/2020 1:43,0.954194228,0.969791922
3/2/2020 1:53,0.932151821,0.992961646
3/2/2020 2:03,1.0347384,0.950214479
3/2/2020 2:13,0.973601407,0.934122462
3/2/2020 2:23,1.029903998,0.955973253
3/2/2020 2:33,0.99556706,0.861855155
3/2/2020 2:44,0.990999121,0.945272045
3/2/2020 2:53,1.013173965,0.912446602
3/2/2020 3:03,1.06102153,0.963512693
3/2/2020 3:13,0.96989361,0.988536547
3/2/2020 3:23,0.976068474,0.924159915
3/2/2020 3:33,0.9475752,1.019516171
3/2/2020 3:43,1.057069212,0.95313641
3/2/2020 3:54,0.904482214,1.077450245
3/2/2020 4:03,0.955244636,1.013862845
3/2/2020 4:13,0.895813191,0.964969288
3/2/2020 4:23,0.957943895,1.06658014
3/2/2020 4:33,0.969619872,1.134466827
3/2/2020 4:43,0.926877541,1.063473718
3/2/2020 4:53,0.968066657,0.993438977
3/2/2020 5:04,0.992936257,1.017096594
3/2/2020 5:13,1.026318899,0.96912515
3/2/2020 5:23,0.968853762,1.028957841
3/2/2020 5:33,0.989162561,1.010148283
3/2/2020 5:43,0.953255626,1.011711071
3/2/2020 5:53,1.051711315,1.01542066
3/2/2020 6:03,1.031114394,1.100465628
3/2/2020 6:14,0.965044694,0.969859578
3/2/2020 6:23,0.986128629,0.926167113
3/2/2020 6:33,1.034281756,1.078205242
3/2/2020 6:43,1.046346442,1.080885803
3/2/2020 6:53,1.020588105,0.952998395
3/2/2020 7:03,1.017558821,0.958034348
3/2/2020 7:13,1.102753862,1.007092513
3/2/2020 7:24,0.911382081,0.912444045
3/2/2020 7:33,1.036894849,1.022558832
3/2/2020 7:43,0.950099045,1.052182572
3/2/2020 7:53,0.967658264,0.998572274
3/2/2020 8:03,0.984126305,0.939130693
3/2/2020 8:13,0.919299135,0.960009034
3/2/2020 8:23,0.945504691,1.062966023
3/2/2020 8:34,0.928163102,1.026882082
3/2/2020 8:43,0.971441111,0.971351496
3/2/2020 8:53,1.011720504,0.932256502
3/2/2020 9:03,1.066017685,1.053284547
3/2/2020 9:13,1.011479028,1.074533377
3/2/2020 9:23,1.014776422,1.061216573
3/2/2020 9:33,1.058362115,0.99867557
3/2/2020 9:43,1.004724549,0.940237717
3/2/2020 9:54,1.01920649,0.929126315
3/2/2020 10:03,1.040162723,0.966899553
3/2/2020 10:13,0.93325555,0.989685052
3/2/2020 10:23,0.974278174,1.015792681
3/2/2020 10:33,1.020062907,0.954432657
3/2/2020 10:43,0.996313081,0.908682361
3/2/2020 10:53,1.018184134,1.040178624
3/2/2020 11:04,0.890593591,1.116659233
3/2/2020 11:13,0.909596028,1.009459544
3/2/2020 11:23,0.930037366,1.023398106
3/2/2020 11:33,1.02704803,1.110064208
3/2/2020 11:43,0.956243783,1.01310244
3/2/2020 11:53,0.978505302,0.971920374
3/2/2020 12:03,1.025503979,0.967095973
3/2/2020 12:14,1.044692825,0.937024392
3/2/2020 12:23,1.036346548,1.098629374
3/2/2020 12:33,1.1225575,0.966284488
3/2/2020 12:43,1.007424658,0.934882107
3/2/2020 12:53,0.959270084,1.028526612
3/2/2020 13:03,1.031008832,0.988030594
3/2/2020 13:13,0.976894473,1.025300495
3/2/2020 13:24,0.985018956,1.087403244
3/2/2020 13:33,0.974241926,0.980428989
3/2/2020 13:43,1.062369999,0.990223307
3/2/2020 13:53,0.976007264,0.993177393
3/2/2020 14:03,0.945077031,1.009212685
3/2/2020 14:13,1.029178008,1.048664039
3/2/2020 14:23,1.139671633,1.005616692
3/2/2020 14:34,0.982387573,1.083782815
3/2/2020 14:43,1.006602495,1.085322433
3/2/2020 14:53,0.958567895,0.930371107
3/2/2020 15:03,1.052662294,0.982932411
3/2/2020 15:13,1.01755049,0.951656698
3/2/2020 15:23,0.956843947,1.03231718
3/2/2020 15:33,0.937872147,1.06797003
3/2/2020 15:44,0.985357581,1.073453297
3/2/2020 15:54,1.026995789,0.999877349
3/2/2020 16:03,1.034503898,1.099579016
3/2/2020 16:13,0.978229383,0.986634026
3/2/2020 16:23,0.967444505,0.888155833
3/2/2020 16:33,0.978846585,0.991767889
3/2/2020 16:43,0.988589252,0.966682803
3/2/2020 16:53,0.945211148,1.02493813
3/2/2020 17:04,1.015709557,1.019593621
3/2/2020 17:13,1.013202026,0.926874302
3/2/2020 17:23,0.926358207,0.952504779
3/2/2020 17:33,0.979997051,0.994707295
3/2/2020 17:43,0.994751379,1.009194069
3/2/2020 17:53,1.028515096,0.980455829
3/2/2020 18:04,1.092094795,0.969491945
3/2/2020 18:14,1.033149563,0.949266074
3/2/2020 18:23,1.023853616,1.030204044
3/2/2020 18:33,1.007321795,1.047775696
3/2/2020 18:43,0.991652705,1.009325961
3/2/2020 18:53,0.970962975,0.938100268
3/2/2020 19:03,1.005043501,1.00562995
3/2/2020 19:13,1.083389426,0.94921222
3/2/2020 19:24,1.001074377,0.943796436
3/2/2020 19:33,0.993976201,1.003053522
3/2/2020 19:43,1.044877218,0.989536776
3/2/2020 19:53,0.958285109,0.95375155
3/2/2020 20:03,0.998263199,0.996109506
3/2/2020 20:13,0.897130077,1.024158706
3/2/2020 20:24,0.974318564,0.996392257
3/2/2020 20:33,1.017134471,0.989755056
3/2/2020 20:43,1.01414137,0.955039579
3/2/2020 20:53,0.976867782,0.938478964
3/2/2020 21:03,0.937751823,0.952666298
3/2/2020 21:13,0.95323357,0.903968834
3/2/2020 21:23,0.970669909,0.949288713
3/2/2020 21:34,1.020345322,0.971571335
3/2/2020 21:43,0.931131777,0.925145383
3/2/2020 21:53,0.92827221,0.992037804
3/2/2020 22:03,0.972421885,1.08882739
3/2/2020 22:13,1.006802919,1.107984665
3/2/2020 22:23,1.034622173,1.014472535
3/2/2020 22:33,1.02283126,1.032572906
3/2/2020 22:44,1.023852512,1.009375548
3/2/2020 22:53,1.043028453,1.028590819
3/2/2020 23:03,0.92988251,0.996695726
3/2/2020 23:13,0.89717928,1.08071804
3/2/2020 23:23,1.050107583,1.129969946
3/2/2020 23:33,1.016351886,1.066020969
3/2/2020 23:43,0.962029234,0.968710023
3/2/2020 23:54,0.986500328,0.963494563
3/3/2020 0:03,1.013195916,1.021912804
3/3/2020 0:13,0.93886223,0.964168061
3/3/2020 0:23,0.988785749,0.967531121
3/3/2020 0:33,0.989938521,0.936491702
3/3/2020 0:43,0.991904095,1.128629248
3/3/2020 0:53,1.116268933,1.482053344
3/3/2020 1:04,1.029778369,5.999341463
3/3/2020 1:14,0.972105709,1.207392413
3/3/2020 1:23,0.955969129,1.746477326
3/3/2020 1:33,10.42211317,10.35923742
3/3/2020 1:43,1.161561972,1.028018191
3/3/2020 1:53,0.96287253,0.971332686
3/3/2020 2:03,14.55250991,0.85146698
3/3/2020 2:13,1.006107647,0.930256166
3/3/2020 2:24,0.997259813,1.043389886
3/3/2020 2:33,0.975093649,0.905523311
3/3/2020 2:43,1.012019282,1.043538834
3/3/2020 2:53,0.960221257,1.088167663
3/3/2020 3:03,0.962942378,0.974330955
3/3/2020 3:13,0.987222012,0.958489231
3/3/2020 3:23,1.001060308,1.018180213
3/3/2020 3:34,0.919530692,1.005058479
3/3/2020 3:43,0.962597991,0.982635496
3/3/2020 3:53,0.976548064,1.125226658
3/3/2020 4:03,1.178329986,1.021138445
3/3/2020 4:13,0.982874314,1.016898995
3/3/2020 4:23,1.056516521,0.929920825
3/3/2020 4:33,0.965817067,1.023338761
3/3/2020 4:44,1.032540601,1.011346917
3/3/2020 4:53,1.03108456,0.957479686
3/3/2020 5:03,0.950245506,0.919507158
3/3/2020 5:13,1.015205205,0.980582603
3/3/2020 5:23,0.981254227,0.932140871
3/3/2020 5:33,0.984519596,1.023338441
3/3/2020 5:43,0.970948853,1.066474094
3/3/2020 5:54,0.981601747,1.006107335
3/3/2020 6:03,0.994525199,1.067857103
3/3/2020 6:13,1.058275459,0.989748381
3/3/2020 6:23,0.964452225,0.916272945
3/3/2020 6:33,0.992995302,0.984388474
3/3/2020 6:43,0.920254187,0.963007745
3/3/2020 6:53,1.059890809,0.985477133
3/3/2020 7:04,0.924885926,0.927512281
3/3/2020 7:13,1.024380535,1.010590985
3/3/2020 7:23,0.960164306,1.055294532
3/3/2020 7:33,0.991473869,1.025287489
3/3/2020 7:43,1.024146962,0.972503788
3/3/2020 7:53,1.041898223,1.020670175
3/3/2020 8:03,0.992066382,0.926732709
3/3/2020 8:14,1.06740421,0.913729758
3/3/2020 8:23,0.970298614,0.988461547
3/3/2020 8:33,0.97966933,1.010896586
3/3/2020 8:43,1.028222671,1.041012808
3/3/2020 8:53,0.998267982,0.976626222
3/3/2020 9:03,1.014307447,0.930346382
3/3/2020 9:13,0.947073823,0.977584817
3/3/2020 9:24,1.011568726,0.933461664
3/3/2020 9:33,0.898055391,1.001297906
3/3/2020 9:43,0.989522822,1.030157805
3/3/2020 9:53,1.026114603,0.977561794
3/3/2020 10:03,0.984298877,1.05339909
3/3/2020 10:13,1.008895596,1.015436741
3/3/2020 10:23,0.981318042,0.954593428
3/3/2020 10:34,0.966724543,0.981578501
3/3/2020 10:43,0.94910729,1.033613671
3/3/2020 10:53,0.991417057,0.958940257
3/3/2020 11:03,0.980522115,0.974200401
3/3/2020 11:13,1.032533061,0.962590185
3/3/2020 11:23,0.951908638,0.977632696
3/3/2020 11:33,0.943384936,0.935890892
3/3/2020 11:44,0.994081492,0.975320368
3/3/2020 11:54,0.978496271,1.121018932
3/3/2020 12:03,1.036693682,1.024443771
3/3/2020 12:13,0.961950191,0.94646973
3/3/2020 12:23,1.007613947,0.968119584
3/3/2020 12:33,0.991628566,1.027152653
3/3/2020 12:43,0.889260742,0.995577619
3/3/2020 12:54,0.94458697,0.930177964
3/3/2020 13:04,0.940445311,0.967431579
3/3/2020 13:13,0.973799839,1.040170185
3/3/2020 13:23,1.046744218,0.926597895
3/3/2020 13:33,1.006378261,1.007926674
3/3/2020 13:43,1.037750085,0.961626442
3/3/2020 13:53,0.939183693,1.036633322
3/3/2020 14:04,0.93685207,1.038809569
3/3/2020 14:13,0.957445386,0.990714636
3/3/2020 14:23,1.002192874,1.036255616
3/3/2020 14:33,1.042185416,1.026820923
3/3/2020 14:43,0.938404886,0.932243276
3/3/2020 14:53,1.016655632,0.931994323
3/3/2020 15:03,1.049551204,0.944360739
3/3/2020 15:14,1.000623565,0.981689369
3/3/2020 15:23,0.998237897,1.00015212
3/3/2020 15:33,1.026156126,1.031543283
3/3/2020 15:43,0.953714153,0.929779552
3/3/2020 15:53,1.024554083,1.497811778
3/3/2020 16:03,0.964983499,11.19442384
3/3/2020 16:14,0.975297056,1.502397162
3/3/2020 16:24,0.933235577,1.225521122
3/3/2020 16:33,10.67158389,1.667893728
3/3/2020 16:43,1.45678417,1.063192908
3/3/2020 16:53,0.980186107,1.866469361
3/3/2020 17:03,1.772292388,7.511306477
3/3/2020 17:13,0.944176883,0.988739601
3/3/2020 17:23,0.937658259,1.085008923
3/3/2020 17:34,8.723136589,1.007259014
3/3/2020 17:43,1.03663697,0.967541926
3/3/2020 17:53,1.011060256,0.936317898
3/3/2020 18:03,0.990286225,0.982176187
3/3/2020 18:13,1.009904505,0.972699388
3/3/2020 18:23,0.964456061,1.056354488
3/3/2020 18:34,0.926310192,1.047755082
3/3/2020 18:44,0.977658939,1.023854398
3/3/2020 18:53,0.947101302,0.961461839
3/3/2020 19:03,0.934656137,0.937083715
3/3/2020 19:13,0.902244839,1.003165951
3/3/2020 19:23,1.124726,1.178040141
3/3/2020 19:33,1.053547292,1.034073615
3/3/2020 19:44,0.934787557,1.026093341
3/3/2020 19:54,0.93943051,1.055971791
3/3/2020 20:03,0.906946556,0.981581368
3/3/2020 20:13,1.010858881,0.909494618
3/3/2020 20:23,0.936599348,1.034611693
3/3/2020 20:33,1.049282975,1.0806995
3/3/2020 20:43,1.034321913,1.550335391
3/3/2020 20:54,1.157118181,6.943758446
3/3/2020 21:04,0.968583423,1.04104429
3/3/2020 21:13,0.951407138,0.982394166
3/3/2020 21:23,8.0922614,0.969348024
3/3/2020 21:33,0.96747313,1.354810976
3/3/2020 21:43,0.962047553,2.229999482
3/3/2020 21:53,1.013854998,1.069969691
3/3/2020 22:04,1.022764176,1.678062834
3/3/2020 22:14,2.044566263,9.696684086
3/3/2020 22:23,1.028331543,0.966782615
3/3/2020 22:33,0.996583657,1.212320338
3/3/2020 22:43,12.36453131,1.67847617
3/3/2020 22:53,1.097731224,0.927790865
3/3/2020 23:03,1.00593835,0.968431654
3/3/2020 23:13,1.942785453,1.011056766
3/3/2020 23:24,0.972423827,1.410595698
3/3/2020 23:33,1.004037167,5.035846105
3/3/2020 23:43,1.136702621,0.976340939
3/3/2020 23:53,1.025651777,0.999393501
3/4/2020 0:03,6.965407109,0.9043412
3/4/2020 0:13,1.003756372,0.953461363
3/4/2020 0:23,1.019978995,0.971645403
3/4/2020 0:34,1.008040854,1.005334102
3/4/2020 0:43,0.923321671,1.059669052
3/4/2020 0:53,0.990073262,0.933827042
3/4/2020 1:03,0.968383925,1.046870467
3/4/2020 1:13,1.018337881,0.950137565
3/4/2020 1:23,0.953981122,0.997624675
3/4/2020 1:33,0.942734178,1.064649271
3/4/2020 1:44,1.068952693,1.06465546
3/4/2020 1:53,0.939584515,0.958100922
3/4/2020 2:03,1.004672206,1.005632049
3/4/2020 2:13,0.913556198,1.113515625
3/4/2020 2:23,0.94920787,0.96333294
3/4/2020 2:33,1.018837298,0.968787169
3/4/2020 2:43,1.000759424,1.033400363
3/4/2020 2:54,0.906205279,0.955022677
3/4/2020 3:03,0.905482594,0.964450102
3/4/2020 3:13,0.950156032,1.022424763
3/4/2020 3:23,0.916025689,1.063507446
3/4/2020 3:33,0.96000139,0.969947427
3/4/2020 3:43,1.184612892,0.953133304
3/4/2020 3:53,1.038176607,0.994811633
3/4/2020 4:04,1.053361537,1.079880075
3/4/2020 4:14,1.102015056,0.975935507
3/4/2020 4:23,1.019429012,0.981131864
3/4/2020 4:33,1.010660387,0.999101426
3/4/2020 4:43,0.969641105,0.993674736
3/4/2020 4:53,0.978640788,1.033776568
3/4/2020 5:03,0.966475301,1.063722749
3/4/2020 5:14,1.042224156,0.95738861
3/4/2020 5:24,1.006340819,0.991479093
3/4/2020 5:33,1.083332277,1.104664265
3/4/2020 5:43,0.956840594,0.967666244
3/4/2020 5:53,0.963873176,1.02840486
3/4/2020 6:03,0.990608667,1.005856928
3/4/2020 6:13,0.966012414,1.016030606
3/4/2020 6:24,0.998059021,1.071746829
3/4/2020 6:34,0.957743313,0.927417012
3/4/2020 6:43,0.98459017,1.023422212
3/4/2020 6:53,0.932479352,0.963960696
3/4/2020 7:03,0.928682609,0.974246643
3/4/2020 7:13,1.018592532,1.132373393
3/4/2020 7:23,0.971402019,1.067780548
3/4/2020 7:34,1.032706384,0.991359997
3/4/2020 7:43,0.977608827,1.044671546
3/4/2020 7:53,0.96437729,0.968599566
3/4/2020 8:03,0.95711766,0.967937357
3/4/2020 8:13,0.890417148,1.02556688
3/4/2020 8:23,1.044023402,0.993570323
3/4/2020 8:33,0.976443865,1.013253746
3/4/2020 8:44,1.019886371,1.067343491
3/4/2020 8:53,1.055340434,0.939834074
3/4/2020 9:03,0.988040411,1.068583098
3/4/2020 9:13,1.036440189,1.087267411
3/4/2020 9:23,0.935112932,1.014033843
3/4/2020 9:33,0.910977164,0.989566386
3/4/2020 9:43,0.962522288,1.035431845
3/4/2020 9:54,0.986410329,0.929000005
3/4/2020 10:04,0.988871873,1.035608093
3/4/2020 10:13,0.994554028,1.028086195
3/4/2020 10:23,0.973712577,0.98974187
3/4/2020 10:33,0.94470792,1.00708386
3/4/2020 10:43,1.08971057,0.97490474
3/4/2020 10:53,1.01879403,1.06321125
3/4/2020 11:04,0.969653361,1.021144737
3/4/2020 11:14,1.025117166,1.072138524
3/4/2020 11:23,0.941107932,0.951765089
3/4/2020 11:33,1.027500632,1.071448877
3/4/2020 11:43,0.97492332,1.036492767
3/4/2020 11:53,1.015759166,0.944903865
3/4/2020 12:03,0.985027122,0.920425126
3/4/2020 12:14,0.950014989,0.994921599
3/4/2020 12:24,1.022779243,0.934414346
3/4/2020 12:33,0.927327199,0.917987439
3/4/2020 12:43,0.983006973,1.01909597
3/4/2020 12:53,1.050179243,0.952880669
3/4/2020 13:03,0.976119541,1.044559191
3/4/2020 13:13,0.930672835,1.014467752
3/4/2020 13:24,0.961646779,1.107901689
3/4/2020 13:34,0.968876959,1.024416313
3/4/2020 13:43,0.995096465,1.000781199
3/4/2020 13:53,0.97523004,0.998046789
3/4/2020 14:03,1.085441477,1.013884935
3/4/2020 14:13,0.909462892,1.006638981
3/4/2020 14:23,0.956474233,0.965140887
3/4/2020 14:33,0.943957695,0.993515011
3/4/2020 14:44,0.934316092,0.969210597
3/4/2020 14:53,1.062799263,0.995613865
3/4/2020 15:03,1.007876223,0.944585611
3/4/2020 15:13,1.010665927,1.070421901
3/4/2020 15:23,0.932429968,1.01256521
3/4/2020 15:33,0.977349292,0.977849986
3/4/2020 15:43,1.033545371,0.966562931
3/4/2020 15:54,0.963292271,1.084906372
3/4/2020 16:03,0.955528533,0.966981324
3/4/2020 16:13,1.032771997,1.009152945
3/4/2020 16:23,1.001938778,0.914848712
3/4/2020 16:33,0.967743975,1.003473696
3/4/2020 16:43,1.071270694,1.15325914
3/4/2020 16:54,1.008524815,1.012025807
3/4/2020 17:04,0.983431408,1.089083328
3/4/2020 17:13,1.012922291,0.945508383
3/4/2020 17:23,0.990892914,0.906891898
3/4/2020 17:33,1.036811238,1.087364437
3/4/2020 17:43,1.054912302,1.004756432
3/4/2020 17:53,0.974645087,0.954649302
3/4/2020 18:03,1.008920267,1.009757868
3/4/2020 18:14,0.994804376,1.002678115
3/4/2020 18:24,0.894868682,1.021150148
3/4/2020 18:33,1.118117565,0.955315917
3/4/2020 18:43,0.981899788,0.944603633
3/4/2020 18:53,0.952718469,0.997874281
3/4/2020 19:03,1.046712201,1.059566967
3/4/2020 19:13,1.092693411,1.055144718
3/4/2020 19:24,0.921201294,1.06069758
3/4/2020 19:34,0.983451209,1.007705222
3/4/2020 19:43,0.914628888,1.0268402
3/4/2020 19:53,0.958655935,1.026830252
3/4/2020 20:03,1.026212882,1.073404143
3/4/2020 20:13,0.951884744,1.001373029
3/4/2020 20:23,0.992081292,0.997546371
3/4/2020 20:34,0.990251421,0.964620286
3/4/2020 20:43,1.022629482,1.029586804
3/4/2020 20:53,0.955590926,1.050454136
3/4/2020 21:03,0.92449812,0.932082771
3/4/2020 21:13,0.955395355,1.051381126
3/4/2020 21:23,0.999619844,0.994191111
3/4/2020 21:34,0.981628318,1.045525196
3/4/2020 21:44,1.007166847,0.972418848
3/4/2020 21:53,0.986945142,1.021922821
3/4/2020 22:03,1.038146704,0.969545139
3/4/2020 22:13,1.041544867,0.907839922
3/4/2020 22:23,1.030631824,0.986072435
3/4/2020 22:33,0.936090928,1.01060383
3/4/2020 22:44,0.944754621,0.965040358
3/4/2020 22:54,1.028981571,0.961522653
3/4/2020 23:03,0.96528481,0.916964823
3/4/2020 23:13,0.993179952,0.957767582
3/4/2020 23:23,1.037828804,1.023484849
3/4/2020 23:33,1.041061049,1.106129959
3/4/2020 23:43,0.986271661,0.964239346
3/4/2020 23:54,0.968772654,0.995120075
3/5/2020 0:04,1.03347961,0.998917535
3/5/2020 0:13,0.901021465,1.045567913
3/5/2020 0:23,1.011904449,1.06714001
3/5/2020 0:33,0.995789229,1.170559088
3/5/2020 0:43,1.014502389,1.103464366
3/5/2020 0:53,0.942063213,0.973460058
3/5/2020 1:04,1.043175598,1.014048099
3/5/2020 1:14,0.944077146,0.925366976
3/5/2020 1:23,0.939517409,1.060694675
3/5/2020 1:33,1.007735189,0.975189623
3/5/2020 1:43,1.00210904,0.948198796
3/5/2020 1:53,0.976346355,1.091845692
3/5/2020 2:03,0.987584436,1.060599628
3/5/2020 2:14,0.966509915,1.044214345
3/5/2020 2:24,1.020053433,0.929014402
3/5/2020 2:33,1.021747687,1.013045847
3/5/2020 2:43,0.905217022,0.965320917
3/5/2020 2:53,0.924112871,0.988731877
3/5/2020 3:03,0.925432094,0.986112767
3/5/2020 3:13,0.998964033,0.996709195
3/5/2020 3:24,0.963632305,1.01749585
3/5/2020 3:34,1.060648859,0.989946841
3/5/2020 3:43,0.905640168,0.955356849
3/5/2020 3:53,0.93140694,1.056706175
3/5/2020 4:03,1.000259829,1.05954899
3/5/2020 4:13,0.906563909,1.126086199
3/5/2020 4:23,1.013194612,1.033176718
3/5/2020 4:34,1.054770496,0.946056866
3/5/2020 4:44,0.959329645,0.986430767
3/5/2020 4:53,1.044576017,1.095344786
3/5/2020 5:03,0.960205027,1.145297886
3/5/2020 5:13,1.177183595,1.079814128
3/5/2020 5:23,0.969417926,1.026303447
3/5/2020 5:33,0.954069292,1.049180705
3/5/2020 5:44,0.952078622,1.018914964
3/5/2020 5:54,1.023943477,0.940704815
3/5/2020 6:03,0.97279641,0.999588546
3/5/2020 6:13,0.969499502,1.005917746
3/5/2020 6:23,0.986528307,0.839054454
3/5/2020 6:33,0.959648646,0.959433163
3/5/2020 6:43,0.98041569,0.976154443
3/5/2020 6:54,0.977451746,0.922086066
3/5/2020 7:04,1.028429007,0.939343726
3/5/2020 7:13,1.014506879,0.983576944
3/5/2020 7:23,1.01281881,1.011923693
3/5/2020 7:33,0.987978912,1.120493077
3/5/2020 7:43,0.964425218,0.96781854
3/5/2020 7:53,1.022898489,1.032722082
3/5/2020 8:03,0.999150987,1.008159533
3/5/2020 8:14,0.976236668,0.926096846
3/5/2020 8:24,1.021500304,0.909276841
3/5/2020 8:33,0.988458351,0.934906578
3/5/2020 8:43,1.043547535,0.927384242
3/5/2020 8:53,0.963756574,0.907244284
3/5/2020 9:03,0.99196536,0.885426184
3/5/2020 9:13,1.019148194,0.990886022
3/5/2020 9:24,0.943193574,1.094051227
3/5/2020 9:34,0.995701214,0.996911047
3/5/2020 9:43,1.075288511,0.997558084
3/5/2020 9:53,0.958786379,1.012307233
3/5/2020 10:03,0.992077995,0.954078045
3/5/2020 10:13,1.00471935,1.018943648
3/5/2020 10:23,1.011315139,1.027264258
3/5/2020 10:34,0.964126795,0.980128592
3/5/2020 10:44,0.935348532,0.934817292
3/5/2020 10:53,0.883830194,0.976110832
3/5/2020 11:03,1.007963507,1.038438042
3/5/2020 11:13,1.082002758,1.079088657
3/5/2020 11:23,0.93003801,1.030249214
3/5/2020 11:33,0.982337876,0.958923526
3/5/2020 11:44,1.017347504,1.070943695
3/5/2020 11:54,0.981863003,0.936695836
3/5/2020 12:03,0.954856516,0.960612588
3/5/2020 12:13,1.010466124,1.01941033
3/5/2020 12:23,1.020358816,1.00264708
3/5/2020 12:33,0.993057242,0.999124242
3/5/2020 12:43,1.001727954,1.062732006
3/5/2020 12:54,0.950785196,1.036494772
3/5/2020 13:04,0.992374114,1.043863179
3/5/2020 13:13,1.022401427,1.06118096
3/5/2020 13:23,0.997991571,1.029433833
3/5/2020 13:33,0.997496814,1.039437603
3/5/2020 13:43,0.953602235,0.909297587
3/5/2020 13:53,0.980821874,0.8943683
3/5/2020 14:04,0.998005214,1.035161948
3/5/2020 14:14,1.052295801,1.06596272
3/5/2020 14:23,1.013915291,0.994287436
3/5/2020 14:33,0.971888565,1.102088553
3/5/2020 14:43,1.01754668,1.022478399
3/5/2020 14:53,1.005202907,0.964682108
3/5/2020 15:03,0.902544894,1.07066305
3/5/2020 15:13,1.061273486,1.061403919
3/5/2020 15:24,0.936830016,1.105326613
3/5/2020 15:34,1.138980547,1.022258859
3/5/2020 15:43,0.982177546,1.045485944
3/5/2020 15:53,0.973379954,1.00060569
3/5/2020 16:03,1.096976699,1.133188886
3/5/2020 16:13,1.006142886,1.027209541
3/5/2020 16:23,0.9662236,0.910049902
3/5/2020 16:34,1.028002263,0.943268314
3/5/2020 16:44,0.992916359,0.911009623
3/5/2020 16:53,0.960959781,0.907894061
3/5/2020 17:03,0.97434055,1.019415959
3/5/2020 17:13,1.024506356,0.990803378
3/5/2020 17:23,0.924274605,1.010924381
3/5/2020 17:33,1.009297061,0.918869671
3/5/2020 17:44,1.061578002,1.07339551
3/5/2020 17:54,0.976583633,1.440775487
3/5/2020 18:03,0.958481203,0.917166579
3/5/2020 18:13,1.00009238,0.985840435
3/5/2020 18:23,1.191749093,0.963175941
3/5/2020 18:33,0.938374605,1.12178368
3/5/2020 18:43,0.967664916,1.047378706
3/5/2020 18:54,1.01339385,1.712717566
3/5/2020 19:04,0.981930789,8.186594958
3/5/2020 19:13,1.027174574,1.106187063
3/5/2020 19:23,1.009735889,1.024024447
3/5/2020 19:33,6.034259864,0.989694401
3/5/2020 19:43,0.98630066,1.047744066
3/5/2020 19:53,0.906025008,0.975272203
3/5/2020 20:04,1.004324538,1.014192833
3/5/2020 20:14,1.123450501,1.018142019
3/5/2020 20:23,1.068482123,1.001352474
3/5/2020 20:33,0.964888507,1.006150349
3/5/2020 20:43,0.960233205,0.951016998
3/5/2020 20:53,0.99750792,0.981997573
3/5/2020 21:03,1.0174927,1.114469554
3/5/2020 21:14,0.967491581,0.963646412
3/5/2020 21:24,1.002038408,0.979254995
3/5/2020 21:33,1.032249237,1.083608826
3/5/2020 21:43,1.037283327,0.983245084
3/5/2020 21:53,0.988651386,0.991267728
3/5/2020 22:03,1.072771317,1.08634539
3/5/2020 22:13,1.006607143,1.091950925
3/5/2020 22:24,0.994164356,1.07465517
3/5/2020 22:34,0.960815591,0.994898566
3/5/2020 22:43,1.04298866,1.008392567
3/5/2020 22:53,0.979668145,1.077328669
3/5/2020 23:03,1.046431212,0.98246417
3/5/2020 23:13,0.9945413,0.911794586
3/5/2020 23:23,1.110137234,0.956997709
3/5/2020 23:34,0.99354282,0.965123819
3/5/2020 23:44,1.01658025,1.000448625
3/5/2020 23:53,0.991278281,1.664809579
3/6/2020 0:03,0.992255701,12.40318144
3/6/2020 0:13,1.045506441,1.381299646
3/6/2020 0:23,1.087313049,6.050413756
3/6/2020 0:33,11.13083798,0.869360192
3/6/2020 0:44,1.023178032,1.028059883
3/6/2020 0:54,6.843323895,0.955277971
3/6/2020 1:03,0.953590343,1.143422433
3/6/2020 1:13,0.961813123,1.09448015
3/6/2020 1:23,1.01902826,1.198479679
3/6/2020 1:33,1.078157885,1.032218121
3/6/2020 1:43,1.018099892,1.781011373
3/6/2020 1:54,1.026246176,7.720517481
3/6/2020 2:04,1.004568011,1.097148952
3/6/2020 2:13,1.094106376,0.943665168
3/6/2020 2:23,8.573576769,1.002299431
3/6/2020 2:33,0.991767916,1.061412554
3/6/2020 2:43,1.037128223,0.959687014
3/6/2020 2:53,1.016801361,0.88179241
3/6/2020 3:04,0.965556064,0.930842649
3/6/2020 3:14,0.931868196,1.004170198
3/6/2020 3:23,0.979768014,0.939038947
3/6/2020 3:33,1.02680997,0.979131173
3/6/2020 3:43,0.987455912,1.068667135
3/6/2020 3:53,0.966592944,0.963347761
3/6/2020 4:03,0.96575948,0.934883829
3/6/2020 4:14,0.956291886,1.035436658
3/6/2020 4:24,1.127645973,1.078320414
3/6/2020 4:33,1.032349259,0.995406995
3/6/2020 4:43,0.996086684,0.956215969
3/6/2020 4:53,1.049237851,1.133087766
3/6/2020 5:13,1.081332545,1.064600805
3/6/2020 5:24,0.967880188,0.991054886
3/6/2020 5:34,0.925032963,1.033174134
3/6/2020 5:43,1.080538472,0.975657788
3/6/2020 5:53,0.986923911,1.114176775
3/6/2020 6:03,1.156021973,1.0227306
3/6/2020 6:13,0.922183119,1.00090282
3/6/2020 6:23,0.998578012,1.022845486
3/6/2020 6:34,1.015665078,1.021001101
3/6/2020 6:44,1.028864482,0.907445497
3/6/2020 6:53,1.038468967,0.970130746
3/6/2020 7:03,0.885987273,0.976397138
3/6/2020 7:13,0.952523127,1.063433512
3/6/2020 7:23,1.022344131,1.00221994
3/6/2020 7:33,0.869570305,0.980115312
3/6/2020 7:44,1.001003407,0.960655987
3/6/2020 7:54,1.001679184,1.108669338
3/6/2020 8:03,1.110450148,0.996428273
3/6/2020 8:13,1.035029322,0.950543692
3/6/2020 8:23,1.015069859,1.015602833
3/6/2020 8:33,0.992167423,0.934462732
3/6/2020 8:43,0.966846029,0.997192642
3/6/2020 8:54,0.927633002,0.974503578
3/6/2020 9:04,0.965017912,0.94237437
3/6/2020 9:13,0.930162813,0.910054858
3/6/2020 9:23,1.026058692,0.97738171
3/6/2020 9:33,0.968646267,1.030142582
3/6/2020 9:43,1.019930817,0.961563396
3/6/2020 9:53,0.987248939,0.897447063
3/6/2020 10:04,1.046352366,0.990781183
3/6/2020 10:14,1.022079209,1.16311783
3/6/2020 10:23,1.030637927,0.953687385
3/6/2020 10:33,0.986256444,0.916772801
3/6/2020 10:43,0.988146837,0.988105781
3/6/2020 10:53,0.970589302,1.0985466
3/6/2020 11:03,1.080250789,0.898596557
3/6/2020 11:14,0.997355729,1.040903853
3/6/2020 11:24,1.042416533,1.091141467
3/6/2020 11:33,1.078814242,0.988337952
3/6/2020 11:43,0.977461254,1.073081169
3/6/2020 11:53,1.065105789,1.033414693
3/6/2020 12:03,0.897434534,0.915562299
3/6/2020 12:13,0.974936562,0.947100717
3/6/2020 12:24,1.037914306,1.045526715
3/6/2020 12:34,0.975615255,1.023855222
3/6/2020 12:43,0.997901396,0.970971049
3/6/2020 12:53,0.988805083,0.993779228
3/6/2020 13:03,0.991946898,0.978639439
3/6/2020 13:13,0.918270498,1.009544379
3/6/2020 13:23,0.96241091,1.001172549
3/6/2020 13:34,0.958102554,1.110521114
3/6/2020 13:44,1.070445493,1.063574641
3/6/2020 13:53,0.971069019,1.011037562
3/6/2020 14:03,1.051123552,0.944101078
3/6/2020 14:13,1.047723256,0.913646325
3/6/2020 14:23,0.998647221,0.964942165
3/6/2020 14:33,0.996603035,1.052704515
3/6/2020 14:44,0.938820297,0.968664955
3/6/2020 14:54,0.956587319,0.955679498
3/6/2020 15:03,1.085770342,0.957889684
3/6/2020 15:13,0.952647449,0.970074129
3/6/2020 15:23,0.970009669,0.920541992
3/6/2020 15:33,0.937629627,0.996608843
3/6/2020 15:43,0.971411156,0.978413186
3/6/2020 15:54,0.952051146,0.991761449
3/6/2020 16:04,0.9824841,1.112644338
3/6/2020 16:13,0.945606649,0.957534979
3/6/2020 16:23,0.979392207,1.044981806
3/6/2020 16:33,0.998333402,1.048761589
3/6/2020 16:43,1.098609291,0.935903792
3/6/2020 16:53,1.031834811,0.977636111
3/6/2020 17:04,1.002339639,1.053588502
3/6/2020 17:14,0.923068226,0.925041294
3/6/2020 17:23,0.930194049,1.008491395
3/6/2020 17:33,0.891076145,0.960841718
3/6/2020 17:43,0.978356733,0.913891335
3/6/2020 17:53,0.978572813,1.050609067
3/6/2020 18:03,0.985576238,1.00202558
3/6/2020 18:14,0.951553649,1.035113059
3/6/2020 18:24,1.078064564,1.018776643
3/6/2020 18:33,1.018020181,1.103276615
3/6/2020 18:43,1.018422094,1.065592515
3/6/2020 18:53,1.051229108,0.964173067
3/6/2020 19:03,0.970229013,1.011200366
3/6/2020 19:13,1.033104373,0.920467347
3/6/2020 19:24,1.061405389,0.939044877
3/6/2020 19:33,0.946046827,0.927854034
3/6/2020 19:43,1.002969823,0.970771343
3/6/2020 19:53,0.972325552,1.0628861
3/6/2020 20:04,1.037565378,0.997540714
3/6/2020 20:14,1.064211195,1.064552165
3/6/2020 20:23,0.977413004,1.068414081
3/6/2020 20:33,0.950511426,0.963649189
3/6/2020 20:43,0.973386303,1.008183155
3/6/2020 20:53,0.892675262,0.99271439
3/6/2020 21:04,1.107021524,0.971621285
3/6/2020 21:14,1.032286404,1.03082035
3/6/2020 21:24,0.906421035,0.960628452
3/6/2020 21:33,0.98867912,1.005380175
3/6/2020 21:43,0.943098859,1.003170835
3/6/2020 21:53,0.951028372,0.992009652
3/6/2020 22:03,0.986361668,0.938898646
3/6/2020 22:14,0.866375301,1.060753737
3/6/2020 22:24,0.98862529,1.023013615
3/6/2020 22:34,0.942737962,0.967227971
3/6/2020 22:43,0.938853592,1.052833208
3/6/2020 22:53,1.041945727,0.921312416
3/6/2020 23:03,0.86593402,0.914280198
3/6/2020 23:13,0.910303532,0.991117161
3/6/2020 23:24,0.979088573,0.981293112
3/6/2020 23:34,0.981526831,0.985183939
3/6/2020 23:43,0.933481645,0.925775742
3/6/2020 23:53,0.988429334,1.002522939
3/7/2020 0:03,0.894352269,0.96562414
3/7/2020 0:13,0.87132404,0.931869871
3/7/2020 0:24,1.004143307,1.929468933
3/7/2020 0:34,1.029054105,9.405553119
3/7/2020 0:44,0.997915458,7.413799158
3/7/2020 0:53,1.059476385,2.721171405
3/7/2020 1:03,1.015770148,15.51514093
3/7/2020 1:13,8.363486529,1.948204113
3/7/2020 1:24,6.976537224,9.660987426
3/7/2020 1:34,0.926602346,8.615041407
3/7/2020 1:44,14.17846233,23.72337056
3/7/2020 1:53,1.101878146,18.01840906
3/7/2020 2:03,8.078793656,9.502683676
3/7/2020 2:13,6.167513356,0.923113919
3/7/2020 2:23,18.99979228,0.996322943
3/7/2020 2:34,15.98498756,1.009765959
3/7/2020 2:44,9.81614405,0.967847414
3/7/2020 2:53,1.133725447,1.061982327
3/7/2020 3:03,0.964196139,1.05941718
3/7/2020 3:13,1.020032421,1.053120758
3/7/2020 3:23,0.954584309,0.963528953
3/7/2020 3:34,0.950615385,0.958194253
3/7/2020 3:44,0.959391594,0.997262141
3/7/2020 3:54,0.993812683,1.026203321
3/7/2020 4:03,0.93288315,1.058157893
3/7/2020 4:13,1.122724408,1.007619186
3/7/2020 4:23,0.99895702,1.083487726
3/7/2020 4:33,1.035240549,0.933804899
3/7/2020 4:44,1.034724195,0.989750437
3/7/2020 4:54,NaN,NaN
